<?xml version="1.0" encoding="UTF-8"?>


<beans xsi:schemaLocation="http://www.springframework.org/schema/beans http://www.springframework.org/schema/beans/spring-beans-4.0.xsd http://www.springframework.org/schema/context http://www.springframework.org/schema/context/spring-context.xsd" xmlns:context="http://www.springframework.org/schema/context" xmlns:aop="http://www.springframework.org/schema/aop" xmlns:xsi="http://www.w3.org/2001/XMLSchema-instance" xmlns="http://www.springframework.org/schema/beans">
<bean class="com.verizon.mavenfirstproject.DetailsOfStudent" id="name">
<property name="Name" value="harini"></property>
<property name="Name" value="srinidhi"></property>
</bean>

<context:annotation-config/>
<!-- For @Component classs to be scannable -->


<context:component-scan base-package="com.verizon.mavenfirstproject"/>
</beans>


 

